Model,R corr,RMSE
Linear_Regression,0.0196384747403527,3088833445015.226
Random Forest,0.4759856752474564,21.76399800572188
SVR,0.2582433655259541,24.569024065573963
