Metric,Value
Correlation,0.47598567524745644
RMSE,21.763998005721877
