Metric,Value
Correlation,0.25824336552595417
RMSE,24.569024065573963
